run_id,jenis,step,loss
gemma4-e2b-split70-s1,latih,10,7.821955871582031
gemma4-e2b-split70-s1,latih,20,4.900402450561524
gemma4-e2b-split70-s1,latih,30,2.86682186126709
gemma4-e2b-split70-s1,latih,40,2.053721046447754
gemma4-e2b-split70-s1,latih,50,1.9337539672851562
gemma4-e2b-split70-s1,latih,60,1.7290740966796876
gemma4-e2b-split70-s1,latih,70,1.4775609016418456
gemma4-e2b-split70-s1,latih,80,1.451368236541748
gemma4-e2b-split70-s1,latih,90,1.623602294921875
gemma4-e2b-split70-s1,latih,100,1.1698271751403808
gemma4-e2b-split70-s1,latih,110,1.1232373237609863
gemma4-e2b-split70-s1,latih,120,1.7375980377197267
gemma4-e2b-split70-s1,latih,130,1.500290870666504
gemma4-e2b-split70-s1,latih,140,1.2062393188476563
gemma4-e2b-split70-s1,latih,150,1.3132616043090821
gemma4-e2b-split70-s1,latih,160,1.475384521484375
gemma4-e2b-split70-s1,latih,170,1.2996333122253418
gemma4-e2b-split70-s1,latih,180,1.4365406036376953
gemma4-e2b-split70-s1,latih,190,1.144586181640625
gemma4-e2b-split70-s1,latih,200,1.2900370597839355
gemma4-e2b-split70-s1,latih,210,1.314708423614502
gemma4-e2b-split70-s1,latih,220,1.493128204345703
gemma4-e2b-split70-s1,latih,230,1.239952850341797
gemma4-e2b-split70-s1,latih,240,1.4047948837280273
gemma4-e2b-split70-s1,latih,250,1.1062841415405273
gemma4-e2b-split70-s1,latih,260,1.3236083030700683
gemma4-e2b-split70-s1,latih,270,0.9861505508422852
gemma4-e2b-split70-s1,latih,280,1.1632135391235352
gemma4-e2b-split70-s1,latih,290,1.2414776802062988
gemma4-e2b-split70-s1,latih,300,1.2545413970947266
gemma4-e2b-split70-s1,latih,310,1.3065258026123048
gemma4-e2b-split70-s1,latih,320,1.0884554862976075
gemma4-e2b-split70-s1,latih,330,1.279007625579834
gemma4-e2b-split70-s1,latih,340,1.2243084907531738
gemma4-e2b-split70-s1,latih,350,1.1428152084350587
gemma4-e2b-split70-s1,latih,360,1.2706809043884277
gemma4-e2b-split70-s1,latih,370,1.2926897048950194
gemma4-e2b-split70-s1,latih,380,1.1269113540649414
gemma4-e2b-split70-s1,latih,390,1.1432951927185058
gemma4-e2b-split70-s1,latih,400,0.7664468288421631
gemma4-e2b-split70-s1,latih,410,1.0561198234558105
gemma4-e2b-split70-s1,latih,420,1.1731728553771972
gemma4-e2b-split70-s1,latih,430,1.3177553176879884
gemma4-e2b-split70-s1,latih,440,1.2078141212463378
gemma4-e2b-split70-s1,latih,450,1.0467958450317383
gemma4-e2b-split70-s1,latih,460,1.0060524940490723
gemma4-e2b-split70-s1,latih,470,1.051191234588623
gemma4-e2b-split70-s1,latih,480,1.0832542419433593
gemma4-e2b-split70-s1,latih,490,1.0755154609680175
gemma4-e2b-split70-s1,latih,500,1.225507640838623
gemma4-e2b-split70-s1,latih,510,1.02797269821167
gemma4-e2b-split70-s1,latih,520,0.8837657928466797
gemma4-e2b-split70-s1,latih,530,0.9146951675415039
gemma4-e2b-split70-s1,latih,540,1.0792304039001466
gemma4-e2b-split70-s1,latih,550,1.0849608421325683
gemma4-e2b-split70-s1,latih,560,1.084580135345459
gemma4-e2b-split70-s1,latih,570,1.1515798568725586
gemma4-e2b-split70-s1,latih,580,1.0388150215148926
gemma4-e2b-split70-s1,latih,590,0.8905691146850586
gemma4-e2b-split70-s1,latih,600,0.9061564445495606
gemma4-e2b-split70-s1,latih,610,1.0986363410949707
gemma4-e2b-split70-s1,latih,620,1.2466324806213378
gemma4-e2b-split70-s1,latih,630,0.8720415115356446
gemma4-e2b-split70-s1,latih,640,0.6803527355194092
gemma4-e2b-split70-s1,latih,650,0.619988489151001
gemma4-e2b-split70-s1,latih,660,0.6615210056304932
gemma4-e2b-split70-s1,latih,670,0.7333417892456054
gemma4-e2b-split70-s1,latih,680,0.8631491661071777
gemma4-e2b-split70-s1,latih,690,0.7144669532775879
gemma4-e2b-split70-s1,latih,700,0.6980184078216553
gemma4-e2b-split70-s1,latih,710,0.6809164047241211
gemma4-e2b-split70-s1,latih,720,0.7011507511138916
gemma4-e2b-split70-s1,latih,730,0.8223134040832519
gemma4-e2b-split70-s1,latih,740,0.6426135063171386
gemma4-e2b-split70-s1,latih,750,0.5358975410461426
gemma4-e2b-split70-s1,latih,760,0.6879787921905518
gemma4-e2b-split70-s1,latih,770,0.6901211738586426
gemma4-e2b-split70-s1,latih,780,0.7386322021484375
gemma4-e2b-split70-s1,latih,790,0.560979700088501
gemma4-e2b-split70-s1,latih,800,0.700371789932251
gemma4-e2b-split70-s1,latih,810,0.6776090145111084
gemma4-e2b-split70-s1,latih,820,0.6263965129852295
gemma4-e2b-split70-s1,latih,830,0.6654865264892578
gemma4-e2b-split70-s1,latih,840,0.6605599403381348
gemma4-e2b-split70-s1,latih,850,0.6079093456268311
gemma4-e2b-split70-s1,latih,860,0.6258172035217285
gemma4-e2b-split70-s1,latih,870,0.605188512802124
gemma4-e2b-split70-s1,latih,880,0.5900034427642822
gemma4-e2b-split70-s1,latih,890,0.6223363876342773
gemma4-e2b-split70-s1,latih,900,0.41996259689331056
gemma4-e2b-split70-s1,latih,910,0.48676137924194335
gemma4-e2b-split70-s1,latih,920,0.5575978279113769
gemma4-e2b-split70-s1,latih,930,0.6767230987548828
gemma4-e2b-split70-s1,latih,940,0.6834014415740967
gemma4-e2b-split70-s1,latih,950,0.5185044765472412
gemma4-e2b-split70-s1,latih,960,0.533046817779541
gemma4-e2b-split70-s1,latih,970,0.4128361701965332
gemma4-e2b-split70-s1,latih,980,0.5007124423980713
gemma4-e2b-split70-s1,latih,990,0.48432235717773436
gemma4-e2b-split70-s1,latih,1000,0.5244549751281739
gemma4-e2b-split70-s1,latih,1010,0.6517652034759521
gemma4-e2b-split70-s1,latih,1020,0.49739832878112794
gemma4-e2b-split70-s1,latih,1030,0.5658909320831299
gemma4-e2b-split70-s1,latih,1040,0.4746108055114746
gemma4-e2b-split70-s1,latih,1050,0.4004556179046631
gemma4-e2b-split70-s1,latih,1060,0.4180962085723877
gemma4-e2b-split70-s1,latih,1070,0.46288528442382815
gemma4-e2b-split70-s1,latih,1080,0.42373175621032716
gemma4-e2b-split70-s1,latih,1090,0.5150991916656494
gemma4-e2b-split70-s1,latih,1100,0.41976404190063477
gemma4-e2b-split70-s1,latih,1110,0.31766817569732664
gemma4-e2b-split70-s1,latih,1120,0.416414737701416
gemma4-e2b-split70-s1,latih,1130,0.46372594833374026
gemma4-e2b-split70-s1,latih,1140,0.4345571994781494
gemma4-e2b-split70-s1,latih,1150,0.3662729740142822
gemma4-e2b-split70-s1,latih,1160,0.4749497890472412
gemma4-e2b-split70-s1,latih,1170,0.43324594497680663
gemma4-e2b-split70-s1,latih,1180,0.40277323722839353
gemma4-e2b-split70-s1,latih,1190,0.40001869201660156
gemma4-e2b-split70-s1,latih,1200,0.38279709815979
gemma4-e2b-split70-s1,latih,1210,0.45321455001831057
gemma4-e2b-split70-s1,latih,1220,0.43694186210632324
gemma4-e2b-split70-s1,latih,1230,0.4074732303619385
gemma4-e2b-split70-s1,latih,1240,0.3856957912445068
gemma4-e2b-split70-s1,latih,1250,0.388839864730835
gemma4-e2b-split70-s1,latih,1260,0.19511098861694337
gemma4-e2b-split70-s1,latih,1270,0.1936525821685791
gemma4-e2b-split70-s1,latih,1280,0.24486522674560546
gemma4-e2b-split70-s1,latih,1290,0.22385790348052978
gemma4-e2b-split70-s1,latih,1300,0.2301009178161621
gemma4-e2b-split70-s1,latih,1310,0.21043636798858642
gemma4-e2b-split70-s1,latih,1320,0.1822892904281616
gemma4-e2b-split70-s1,latih,1330,0.18918503522872926
gemma4-e2b-split70-s1,latih,1340,0.15180091857910155
gemma4-e2b-split70-s1,latih,1350,0.21897530555725098
gemma4-e2b-split70-s1,latih,1360,0.2150707244873047
gemma4-e2b-split70-s1,latih,1370,0.15801866054534913
gemma4-e2b-split70-s1,latih,1380,0.23131237030029297
gemma4-e2b-split70-s1,latih,1390,0.21744658946990966
gemma4-e2b-split70-s1,latih,1400,0.20785329341888428
gemma4-e2b-split70-s1,latih,1410,0.20763082504272462
gemma4-e2b-split70-s1,latih,1420,0.19455275535583497
gemma4-e2b-split70-s1,latih,1430,0.24255306720733644
gemma4-e2b-split70-s1,latih,1440,0.2202535390853882
gemma4-e2b-split70-s1,latih,1450,0.11852679252624512
gemma4-e2b-split70-s1,latih,1460,0.20788004398345947
gemma4-e2b-split70-s1,latih,1470,0.21506569385528565
gemma4-e2b-split70-s1,latih,1480,0.20368776321411133
gemma4-e2b-split70-s1,latih,1490,0.2256840467453003
gemma4-e2b-split70-s1,latih,1500,0.20812888145446778
gemma4-e2b-split70-s1,latih,1510,0.13564859628677367
gemma4-e2b-split70-s1,latih,1520,0.1991260290145874
gemma4-e2b-split70-s1,latih,1530,0.21015579700469972
gemma4-e2b-split70-s1,latih,1540,0.182095205783844
gemma4-e2b-split70-s1,latih,1550,0.18869481086730958
gemma4-e2b-split70-s1,latih,1560,0.15599871873855592
gemma4-e2b-split70-s1,latih,1570,0.19762725830078126
gemma4-e2b-split70-s1,latih,1580,0.1543218970298767
gemma4-e2b-split70-s1,latih,1590,0.18043510913848876
gemma4-e2b-split70-s1,latih,1600,0.18226927518844604
gemma4-e2b-split70-s1,latih,1610,0.15624221563339233
gemma4-e2b-split70-s1,latih,1620,0.18763244152069092
gemma4-e2b-split70-s1,latih,1630,0.16378870010375976
gemma4-e2b-split70-s1,latih,1640,0.13513662815093994
gemma4-e2b-split70-s1,latih,1650,0.1709882378578186
gemma4-e2b-split70-s1,latih,1660,0.18678888082504272
gemma4-e2b-split70-s1,latih,1670,0.15495458841323853
gemma4-e2b-split70-s1,latih,1680,0.19501298666000366
gemma4-e2b-split70-s1,latih,1690,0.2167072057723999
gemma4-e2b-split70-s1,latih,1700,0.19944508075714112
gemma4-e2b-split70-s1,latih,1710,0.16804039478302002
gemma4-e2b-split70-s1,latih,1720,0.1756584644317627
gemma4-e2b-split70-s1,latih,1730,0.1318698525428772
gemma4-e2b-split70-s1,latih,1740,0.1860546350479126
gemma4-e2b-split70-s1,latih,1750,0.19741402864456176
gemma4-e2b-split70-s1,latih,1760,0.1515575885772705
gemma4-e2b-split70-s1,latih,1770,0.15342388153076172
gemma4-e2b-split70-s1,latih,1780,0.17749749422073363
gemma4-e2b-split70-s1,latih,1790,0.18918392658233643
gemma4-e2b-split70-s1,latih,1800,0.16851526498794556
gemma4-e2b-split70-s1,latih,1810,0.16662682294845582
gemma4-e2b-split70-s1,latih,1820,0.17777024507522582
gemma4-e2b-split70-s1,latih,1830,0.17948659658432006
gemma4-e2b-split70-s1,latih,1840,0.1518386721611023
gemma4-e2b-split70-s1,latih,1850,0.15406371355056764
gemma4-e2b-split70-s1,latih,1860,0.20281629562377929
gemma4-e2b-split70-s1,latih,1870,0.1671517014503479
